m/z,Intensity
50.0,-58.84357357198924
50.450450450450454,17.972980608961215
50.9009009009009,-67.98571620425018
51.351351351351354,61.93751931079584
51.8018018018018,50.78582852622564
52.252252252252255,-143.3542638865346
52.7027027027027,8.39723681679581
53.153153153153156,11.93588760796684
53.6036036036036,76.52597285698349
54.054054054054056,-92.8917961636821
54.5045045045045,-111.5841234945657
54.95495495495496,-29.95584042437487
55.4054054054054,-55.42497411347448
55.85585585585586,-38.67656534990739
56.306306306306304,25.340206980023083
56.75675675675676,23.033537644910748
57.207207207207205,65.6777778159687
57.65765765765766,93.91531835668539
58.10810810810811,-2.5605261602481564
58.55855855855856,-47.52032254237676
59.009009009009006,-24.753567802604604
59.45945945945946,28.53464464896045
59.90990990990991,-39.57331574743634
60.36036036036036,-83.1802973804575
60.81081081081081,105.6667004619403
61.26126126126126,-59.84637464736488
61.711711711711715,6.2063054400757
62.16216216216216,7.534152965276757
62.612612612612615,-49.0645836539436
63.06306306306306,-30.894188005327468
63.513513513513516,-24.09356012518895
63.96396396396396,25.515730950114207
64.41441441441441,7.616617729954623
64.86486486486487,-75.41687461778164
65.31531531531532,38.372642407021786
65.76576576576576,37.986032095787465
66.21621621621622,63.44222832807495
66.66666666666667,5.775186094925293
67.11711711711712,70.08755185487647
67.56756756756756,-40.436867836691256
68.01801801801801,30.434006432942006
68.46846846846847,-25.205195420085108
68.91891891891892,108.98239214521111
69.36936936936937,84.54015047115537
69.81981981981983,-148.38833046292638
70.27027027027027,33.694285496861085
70.72072072072072,-89.29051213679229
71.17117117117117,16.43896535712244
71.62162162162161,33.648398960786785
72.07207207207207,-30.95862792036341
72.52252252252252,62.4105423145088
72.97297297297297,-11.053422953344104
73.42342342342343,71.049724732433
73.87387387387388,5.072031530713593
74.32432432432432,28.44077545356675
74.77477477477478,-15.844174560456024
75.22522522522523,-51.819775632145614
75.67567567567568,19.569722137291002
76.12612612612612,36.05790537751001
76.57657657657657,-53.32950334051074
77.02702702702703,-64.3887448841062
77.47747747747748,27.51403578687619
77.92792792792793,118.48280447293074
78.37837837837839,55.141479229565704
78.82882882882883,52.53647234810052
79.27927927927928,-12.01310059746112
79.72972972972973,16.25317573604058
80.18018018018017,56.97340907143411
80.63063063063063,-102.67933777689701
81.08108108108108,30.089236334445353
81.53153153153153,-38.39870626301433
81.98198198198199,-22.03553640229108
82.43243243243244,94.06551380773246
82.88288288288288,-26.77196998276374
83.33333333333334,14.656116351688256
83.78378378378378,-67.11919940123896
84.23423423423424,48.5645944356917
84.68468468468468,111.58890811245581
85.13513513513513,-33.15863252172807
85.58558558558559,-23.676211548133914
86.03603603603604,-72.38603927917596
86.48648648648648,-10.248664987761984
86.93693693693695,-81.25738494364558
87.38738738738738,15.598652227837718
87.83783783783784,30.657009399555168
88.28828828828829,55.13685521849585
88.73873873873873,73.78987524948786
89.1891891891892,56.69893146994608
89.63963963963964,-13.2407960736425
90.09009009009009,20.068783698781104
90.54054054054055,-28.981452594829832
90.990990990991,-33.23480385384232
91.44144144144144,70.61105977325983
91.8918918918919,-32.181384353710015
92.34234234234233,4.505211335850543
92.7927927927928,92.19781301820042
93.24324324324324,37.15411834059928
93.69369369369369,-8.129384459279368
94.14414414414415,-2.1862243876261456
94.5945945945946,48.17406614325822
95.04504504504504,34.352288305214316
95.4954954954955,78.9285205839112
95.94594594594594,8.701965605697042
96.3963963963964,-6.367649121117239
96.84684684684684,1.5199652302008393
97.29729729729729,-80.96015602725441
97.74774774774775,28.300732562241876
98.1981981981982,18.658901117322927
98.64864864864865,-42.25029467622819
99.0990990990991,-52.23549862648409
99.54954954954955,14.024564621125421
100.0,-2.4123486969688255
100.45045045045046,8.254939186538568
100.9009009009009,-71.08812075550821
101.35135135135135,-4.3914260728145615
101.8018018018018,-27.293125026232133
102.25225225225225,76.95611516562478
102.70270270270271,-7.546321791572445
103.15315315315316,-43.5214623835413
103.6036036036036,-12.633762482940723
104.05405405405406,40.799001971049954
104.5045045045045,84.2075971834017
104.95495495495496,13.135609879570826
105.4054054054054,35.16400381156962
105.85585585585585,250.24659973676768
106.30630630630631,433.2700084467198
106.75675675675676,679.4199800180673
107.2072072072072,1113.103962241917
107.65765765765767,1342.5507705490102
108.10810810810811,1301.7695076767639
108.55855855855856,1272.252997869571
109.00900900900902,867.7932264501384
109.45945945945945,547.7741346206493
109.90990990990991,308.2552101534483
110.36036036036036,192.75198632443312
110.8108108108108,80.6419731556123
111.26126126126127,-11.120832139994278
111.71171171171171,58.666651548696144
112.16216216216216,85.5018761973524
112.61261261261262,-27.788535090090225
113.06306306306305,40.30382812203803
113.51351351351352,25.957250842989044
113.96396396396396,-38.63269083284068
114.41441441441441,54.61526223534268
114.86486486486487,-52.73945331753817
115.31531531531532,-41.531850351671295
115.76576576576576,-93.65371836988544
116.21621621621621,44.55573663738242
116.66666666666667,8.26615412884413
117.11711711711712,3.1324405846679837
117.56756756756756,-5.012603123246977
118.01801801801803,-22.964560056762004
118.46846846846847,-38.3084235616512
118.91891891891892,-61.86084252887149
119.36936936936937,56.35315575228586
119.81981981981983,153.33944102749228
120.27027027027027,264.65552244110245
120.72072072072072,717.0294887694678
121.17117117117117,1270.6603747932757
121.62162162162163,1752.9927492274253
122.07207207207207,2004.5994787778807
122.52252252252252,1680.9999050848933
122.97297297297297,1063.5928389006633
123.42342342342343,513.5203883603078
123.87387387387388,210.30156338574585
124.32432432432432,32.2566540288173
124.77477477477477,65.32818008156464
125.22522522522523,-24.289682473762014
125.67567567567568,-3.9277841504970468
126.12612612612612,67.90157105471168
126.57657657657657,27.138335980748128
127.02702702702703,-6.81939029793914
127.47747747747748,13.470672943611676
127.92792792792793,1.094928183168326
128.3783783783784,-19.758370709231595
128.82882882882882,162.36055652539784
129.27927927927928,373.2138091995065
129.72972972972974,523.8435357701708
130.18018018018017,687.8538488238446
130.63063063063063,365.5867436116348
131.0810810810811,186.21085037535067
131.53153153153153,-26.51585015374522
131.981981981982,-5.774477957812232
132.43243243243245,18.560619679056998
132.88288288288288,75.99397518621527
133.33333333333331,34.2111883879203
133.7837837837838,-90.94529581487488
134.23423423423424,36.74150449855368
134.68468468468467,-76.08431251367502
135.13513513513513,-98.2425838587409
135.5855855855856,-5.252638228342427
136.03603603603602,43.307809289473866
136.48648648648648,74.98934713638641
136.93693693693695,6.170059992025843
137.38738738738738,-52.31555992429027
137.83783783783784,26.58875017278197
138.2882882882883,-24.494967370976
138.73873873873873,-124.54767238936103
139.1891891891892,-6.991574152023576
139.63963963963965,99.3663858318531
140.0900900900901,88.07894019132686
140.54054054054055,-57.78929017410322
140.990990990991,-3.8133868812461515
141.44144144144144,69.91159519969129
141.89189189189187,83.67274476031923
142.34234234234236,73.4061760186355
142.7927927927928,58.38708046466314
143.24324324324323,-40.86754603262476
143.6936936936937,-71.74599726414132
144.14414414414415,38.21293833679781
144.59459459459458,51.65131062670819
145.04504504504504,-1.0365175461437488
145.4954954954955,-10.869541878456822
145.94594594594594,-25.980207983209745
146.3963963963964,-104.12908312816009
146.84684684684686,30.82089299319627
147.2972972972973,30.084924571764578
147.74774774774775,-24.044817360855724
148.1981981981982,-22.11177552747583
148.64864864864865,42.82325871030255
149.0990990990991,-3.410335319385078
149.54954954954957,-72.09256035778208
150.0,-11.90165847692163
150.45045045045043,9.735398667004452
150.90090090090092,46.21939539490869
151.35135135135135,-9.192482419116045
151.8018018018018,46.5810312069414
152.25225225225225,-44.23378311121173
152.7027027027027,26.58221436565255
153.15315315315314,94.94533178191628
153.6036036036036,9.049450878648837
154.05405405405406,-48.561467371251666
154.5045045045045,70.1272471042671
154.95495495495496,-19.670927839677784
155.40540540540542,-22.21552182427842
155.85585585585585,18.079116788925255
156.3063063063063,-41.9375533948624
156.75675675675677,-54.40860642516009
157.2072072072072,-1.3348497589574084
157.65765765765767,-12.629748282950468
158.10810810810813,-66.03774995408193
158.55855855855856,57.21660755146137
159.009009009009,22.788951678645923
159.45945945945948,24.736415339548806
159.9099099099099,21.938532929386085
160.36036036036035,-94.65100039524472
160.8108108108108,26.144069564298338
161.26126126126127,-44.63837150334027
161.7117117117117,142.59875827740112
162.16216216216216,-34.81935588090006
162.61261261261262,-79.15294866378218
163.06306306306305,-36.11701018378243
163.51351351351352,30.030788670246046
163.96396396396398,-23.159402371715153
164.4144144144144,-48.856221820367686
164.86486486486487,22.459194879024462
165.31531531531533,75.28775853007025
165.76576576576576,37.72137043674108
166.21621621621622,53.16465849592002
166.66666666666669,229.32949072577958
167.11711711711712,382.1849677037636
167.56756756756755,692.1452340904542
168.01801801801804,831.4741429479781
168.46846846846847,694.5338070477106
168.9189189189189,471.94726504918333
169.36936936936937,171.2779658410974
169.81981981981983,73.39155846826743
170.27027027027026,-13.928778187918521
170.72072072072072,-2.2133409704511466
171.17117117117118,65.15110432882757
171.6216216216216,-40.76022324233498
172.07207207207207,1.2249447907831852
172.52252252252254,29.257014771465354
172.97297297297297,-44.52700943760028
173.42342342342343,-50.182295969384974
173.8738738738739,-71.1414266471399
174.32432432432432,-24.90293185236551
174.77477477477476,67.20409309198722
175.22522522522524,1.793954700431567
175.67567567567568,-87.73545178577595
176.1261261261261,-7.180170391564835
176.5765765765766,-20.576316896710164
177.02702702702703,40.29388621750705
177.47747747747746,-21.3193946037197
177.92792792792793,18.574192192365317
178.3783783783784,54.42567729105515
178.82882882882882,197.8178962892469
179.27927927927928,388.20327472201734
179.72972972972974,303.11261581281195
180.18018018018017,378.1854501046622
180.63063063063063,373.1333333086385
181.0810810810811,109.36742971259818
181.53153153153153,165.21946398238828
181.981981981982,68.472415818021
182.43243243243242,143.42253874800647
182.88288288288288,-51.50841173407963
183.33333333333334,-59.32836894134091
183.78378378378378,-16.321523100307548
184.23423423423424,-62.34500481647805
184.6846846846847,-5.714492629459257
185.13513513513513,-35.43908666942903
185.5855855855856,9.510765491980344
186.03603603603605,46.46886688366264
186.48648648648648,-64.33114770099874
186.93693693693695,-3.707750868349073
187.38738738738738,-33.79504655306824
187.83783783783784,-52.968418498299364
188.2882882882883,101.1086906819196
188.73873873873873,-27.531481071664125
189.1891891891892,-10.32081292713025
189.63963963963965,-1.3483512511639464
190.0900900900901,49.9930396347302
190.54054054054055,17.452257067785318
190.99099099099098,-32.29295567319701
191.44144144144144,12.55432901320492
191.8918918918919,-119.51207104799053
192.34234234234233,-28.304170599396787
192.7927927927928,-51.60496459414246
193.24324324324326,8.194857196015178
193.6936936936937,68.63975986676397
194.14414414414415,-48.37845532269394
194.5945945945946,-1.9998363716535
195.04504504504504,-36.22102017264181
195.4954954954955,39.97660273466473
195.94594594594594,6.796870318821899
196.3963963963964,-23.962791117475486
196.84684684684686,-21.749402883663794
197.2972972972973,17.93650554758384
197.74774774774775,27.187988300886463
198.1981981981982,5.3527857730468975
198.64864864864865,-5.9063126478200365
199.0990990990991,30.304744806817475
199.54954954954954,56.94237844982533
200.0,-10.59680758738311
200.45045045045046,-55.294784808366074
200.9009009009009,-7.6706813847878
201.35135135135135,23.136926097424336
201.80180180180182,49.51089928992554
202.25225225225225,-28.40574312713112
202.7027027027027,-54.81591174439917
203.15315315315314,-80.7182039563664
203.6036036036036,38.721711965242974
204.05405405405406,26.206215260665815
204.5045045045045,-0.5932968430520511
204.95495495495496,74.35328773997169
205.40540540540542,30.14937005394907
205.85585585585585,1.5125470977556958
206.3063063063063,11.232711090145388
206.75675675675677,0.11317471946496725
207.2072072072072,-11.096983393131573
207.65765765765767,29.07857587547301
208.1081081081081,-18.332072383290342
208.55855855855856,12.726970011236057
209.00900900900902,-32.95557819093774
209.45945945945945,61.994962476012226
209.9099099099099,86.95676230034817
210.36036036036037,-12.237654231645442
210.8108108108108,39.5429864824434
211.26126126126127,-68.72468076103074
211.7117117117117,-116.15560318126019
212.16216216216216,54.84307727914627
212.61261261261262,82.64024886049202
213.06306306306305,36.06739902912259
213.51351351351352,72.31649802707014
213.96396396396398,44.473411108510476
214.4144144144144,-55.98573139815157
214.86486486486487,0.7498432506933765
215.31531531531533,162.29165824363528
215.76576576576576,-31.51785693045769
216.21621621621622,49.858198840730985
216.66666666666666,37.04401053648188
217.11711711711712,-21.597043055652275
217.56756756756758,-32.42328280099824
218.018018018018,13.315343558468667
218.46846846846847,-80.21695228799568
218.91891891891893,26.463915573747187
219.36936936936937,16.228518273957686
219.81981981981983,79.14578061801645
220.27027027027026,-61.11359991867208
220.72072072072072,46.04128263616646
221.17117117117118,-63.48263183803103
221.6216216216216,36.780672364604406
222.07207207207207,13.364406109604484
222.52252252252254,-34.705672964058614
222.97297297297297,46.21293810527478
223.42342342342343,-5.5274644918634275
223.8738738738739,-23.460008010726476
224.32432432432432,45.588909436094866
224.77477477477478,81.99106138434077
225.22522522522522,-6.670859428745306
225.67567567567568,66.45530024384794
226.12612612612614,-4.010675880729771
226.57657657657657,11.184107805517167
227.02702702702703,19.10989140489764
227.4774774774775,64.19038682480341
227.92792792792793,-22.643174009323896
228.3783783783784,5.892389503931154
228.82882882882882,83.14498739183638
229.27927927927928,9.085885537518813
229.72972972972974,-22.59010053094394
230.18018018018017,-19.371385831372695
230.63063063063063,-10.393032513348942
231.0810810810811,36.024871222520034
231.53153153153153,3.53927949879085
231.981981981982,-37.995113925097634
232.43243243243242,-17.69210974349346
232.88288288288288,40.526570770763506
233.33333333333334,-66.33431151683267
233.78378378378378,2.997916186578606
234.23423423423424,51.55893492181208
234.6846846846847,0.0308561251245969
235.13513513513513,38.98189007285761
235.5855855855856,91.87344879585541
236.03603603603605,44.15949432532862
236.48648648648648,88.98855153047543
236.93693693693695,105.46758938479968
237.38738738738738,240.9898826771904
237.83783783783784,336.7891051152134
238.2882882882883,319.8684736443653
238.73873873873873,168.4500940387839
239.1891891891892,230.3268536896622
239.63963963963965,159.67975831135135
240.0900900900901,130.5255906569978
240.54054054054055,41.57113587203052
240.99099099099098,31.462626608762363
241.44144144144144,-45.91312142442277
241.8918918918919,-91.01268322707448
242.34234234234233,43.59410195467476
242.7927927927928,-63.246216903212016
243.24324324324326,49.91738844459248
243.6936936936937,-52.51743778900491
244.14414414414415,-11.503228768139063
244.5945945945946,-2.0579391934189237
245.04504504504504,43.88666804031037
245.4954954954955,-50.517390361248346
245.94594594594594,20.783908862552163
246.3963963963964,17.738333213908017
246.84684684684686,-57.070531233688605
247.2972972972973,77.20710348614855
247.74774774774775,45.90066962369836
248.1981981981982,0.9750306898526203
248.64864864864865,-31.394910463692646
249.0990990990991,84.96350811392763
249.54954954954954,-51.22463087472207
250.0,23.86845940937114
250.45045045045046,-99.9932263386348
250.9009009009009,37.449797792862405
251.35135135135135,-70.40665148405199
251.80180180180182,-18.636968097600324
252.25225225225225,-95.71371594750728
252.7027027027027,85.79077729377575
253.15315315315317,-158.70367541252097
253.6036036036036,-13.669894231377445
254.05405405405406,74.75070866053228
254.5045045045045,116.63738304500404
254.95495495495496,-9.737030714149702
255.40540540540542,-27.90118121757481
255.85585585585585,5.900312958033122
256.3063063063063,43.94271552256837
256.7567567567568,-5.908252628439662
257.2072072072072,23.033600821624933
257.65765765765764,33.38232744930426
258.1081081081081,-26.392096566607627
258.55855855855856,18.10905074837076
259.009009009009,-30.339488096165073
259.4594594594595,0.8153664648679686
259.9099099099099,82.06539374691853
260.36036036036035,62.41766625597932
260.81081081081084,80.98773018120681
261.26126126126127,-65.93965841027511
261.7117117117117,4.165286563389912
262.1621621621622,30.311368142741923
262.6126126126126,23.621517077053877
263.06306306306305,26.518411958834882
263.51351351351354,17.890197059628928
263.963963963964,19.628992716952904
264.4144144144144,25.696471960009887
264.8648648648649,17.905000792349085
265.31531531531533,18.058982108744235
265.76576576576576,-55.51948148105682
266.21621621621625,-13.885149218762677
266.66666666666663,-7.719997776009088
267.1171171171171,-37.439521253049854
267.5675675675676,21.544168557867096
268.018018018018,3.0327874248428635
268.4684684684685,-17.45978579485144
268.91891891891896,2.955234223750884
269.36936936936934,-22.59395292520208
269.8198198198198,-29.730613115629296
270.27027027027026,1.8861734770114114
270.7207207207207,30.071955511337677
271.1711711711712,-7.69318103667014
271.6216216216216,-48.251547450266415
272.07207207207205,74.31967398222885
272.52252252252254,4.445488048691887
272.97297297297297,36.999602611037204
273.4234234234234,-3.800334217840165
273.8738738738739,-26.820797799274587
274.3243243243243,67.6698153120876
274.77477477477476,42.59625552391166
275.22522522522524,-31.901426627819664
275.6756756756757,34.43717755258936
276.1261261261261,-15.815888143957727
276.5765765765766,39.13685858486776
277.02702702702703,-71.60933065064945
277.47747747747746,16.76087529729674
277.92792792792795,48.57597747660556
278.3783783783784,-30.93598773030162
278.8288288288288,-57.19936467997341
279.2792792792793,117.82423374363682
279.72972972972974,-14.563335322439197
280.1801801801802,11.220976485589652
280.63063063063066,20.09285979219125
281.0810810810811,-8.098861028071418
281.5315315315315,-30.36366453802933
281.981981981982,49.46532189194116
282.43243243243245,-21.750469826312194
282.8828828828829,-30.99204412206484
283.33333333333337,6.584485536098285
283.78378378378375,5.868766387936853
284.23423423423424,36.41366279404172
284.6846846846847,-35.577469596135536
285.1351351351351,30.63494164352098
285.5855855855856,-46.08648358147419
286.0360360360361,29.01263598607991
286.48648648648646,65.43443821484306
286.93693693693695,31.94105104850232
287.3873873873874,-13.11297267711796
287.8378378378378,180.67198699205406
288.2882882882883,104.72723096930402
288.73873873873873,177.89305753844053
289.18918918918916,209.31516478365876
289.63963963963965,138.92234095254037
290.0900900900901,-57.34538176256833
290.5405405405405,-2.67100423087852
290.990990990991,-64.87334516730554
291.44144144144144,-19.564048068662153
291.8918918918919,-45.075996767045574
292.34234234234236,-27.811897910075185
292.7927927927928,95.8557483674996
293.2432432432432,-19.692862334551336
293.6936936936937,8.025421123694137
294.14414414414415,19.859036508287424
294.5945945945946,44.84626130689548
295.0450450450451,5.381066441114948
295.4954954954955,-17.066498230402765
295.94594594594594,-46.71551034166833
296.3963963963964,8.406942076693785
296.84684684684686,88.66318972446507
297.2972972972973,-37.81965970255754
297.7477477477478,41.27167803264701
298.1981981981982,-42.75771237065475
298.64864864864865,-40.30998548745342
299.09909909909913,-18.453215232161856
299.5495495495495,-95.75328608246242
300.0,43.99104919320826
300.4504504504505,-19.161206853569045
300.90090090090087,-41.883083762177556
301.35135135135135,41.518463317590474
301.80180180180184,-3.815633100706037
302.2522522522522,-68.49319791588475
302.7027027027027,-0.17286525198826233
303.1531531531532,-34.99030251861583
303.6036036036036,5.3388894461067204
304.05405405405406,-55.1627285232084
304.5045045045045,-17.911712128100866
304.9549549549549,-56.32497925317415
305.4054054054054,5.3196139567627805
305.85585585585585,48.591630675866796
306.3063063063063,-12.769892749867964
306.7567567567568,-60.07513115501373
307.2072072072072,98.9528561613006
307.65765765765764,30.243204714089412
308.1081081081081,40.44917442292446
308.55855855855856,22.690088506713746
309.009009009009,48.02196894293172
309.4594594594595,-24.244201898268916
309.9099099099099,-65.70513347943115
310.36036036036035,66.83172615386391
310.81081081081084,-66.4007692187818
311.26126126126127,-14.188196545141215
311.7117117117117,-5.165055059795903
312.1621621621622,-74.95868748284526
312.6126126126126,108.64231694622558
313.06306306306305,-46.003828702317975
313.51351351351354,-3.7138573414203653
313.963963963964,23.615482573744007
314.4144144144144,-37.42108651542265
314.86486486486484,41.783626788907426
315.31531531531533,57.39200329264752
315.76576576576576,-87.13198596058838
316.2162162162162,-88.72916128225619
316.6666666666667,10.125471786286143
317.1171171171171,2.7478991139633315
317.56756756756755,7.357531760242081
318.01801801801804,117.41025074151882
318.4684684684685,-26.901047381607185
318.9189189189189,-34.13392761109829
319.3693693693694,91.16260545767155
319.8198198198198,149.302240495299
320.27027027027026,-41.3619131568142
320.72072072072075,-7.391460545511817
321.1711711711712,10.991333437132775
321.6216216216216,5.083659150845528
322.0720720720721,-18.328964834441212
322.52252252252254,-9.855851951622217
322.97297297297297,-80.45029627871749
323.4234234234234,-6.101682330634762
323.8738738738739,21.74542654952629
324.3243243243243,6.840356902992088
324.77477477477476,22.35923164393029
325.22522522522524,46.66026088550419
325.6756756756757,38.350234928039015
326.1261261261261,33.635406094891614
326.5765765765766,-41.48670883885426
327.02702702702703,-45.57775512462752
327.47747747747746,60.79049974493665
327.92792792792795,25.103207788016
328.3783783783784,38.5673468637664
328.8288288288288,57.613303613214384
329.2792792792793,-12.879077318667656
329.72972972972974,-44.552414865981746
330.1801801801802,-33.96710868307176
330.63063063063066,-41.32677794802376
331.0810810810811,2.6004666756345927
331.5315315315315,43.64422537286967
331.98198198198196,43.93333727188826
332.43243243243245,16.85614421850302
332.8828828828829,-19.66466537973222
333.3333333333333,3.9812361115839447
333.7837837837838,-21.99045660618516
334.23423423423424,14.841251332258024
334.68468468468467,14.750259664813534
335.13513513513516,100.41520854707105
335.5855855855856,-8.824890214138389
336.036036036036,15.54260830691475
336.4864864864865,12.136082242547193
336.93693693693695,11.82958876601788
337.3873873873874,-71.91672447463293
337.83783783783787,118.69317524645896
338.2882882882883,70.66009633696318
338.73873873873873,-19.715078330107062
339.1891891891892,7.893854883895654
339.63963963963965,46.85252656470751
340.0900900900901,-26.62240955001468
340.5405405405405,3.3579303279865815
340.990990990991,-6.209295912715306
341.44144144144144,55.80862985489149
341.8918918918919,102.69481244623822
342.34234234234236,87.54976417741503
342.7927927927928,65.02193396683934
343.2432432432432,-12.670719581637846
343.6936936936937,-20.353313189750228
344.14414414414415,7.73258828322108
344.5945945945946,-19.7055538922396
345.0450450450451,-2.7195307838229925
345.4954954954955,-1.1682565931715256
345.94594594594594,-22.719182509405243
346.3963963963964,-16.15654154204283
346.84684684684686,32.86686707801759
347.2972972972973,-21.856433088609116
347.7477477477477,91.8104194336267
348.1981981981982,0.37804671392745964
348.64864864864865,32.67281532550396
349.0990990990991,-124.0600405573716
349.54954954954957,66.01281156629426
350.0,-94.05276739681183
350.45045045045043,-28.68383249322634
350.9009009009009,-14.13716088445946
351.35135135135135,106.09488183931302
351.8018018018018,34.09271602104367
352.2522522522523,-41.09317269107897
352.7027027027027,-36.558880712061054
353.15315315315314,67.5768429017176
353.60360360360363,-41.97595748081027
354.05405405405406,34.08071756783729
354.5045045045045,-3.8077093614027295
354.954954954955,39.19068923307174
355.4054054054054,20.573594782663214
355.85585585585585,41.53173825953439
356.3063063063063,-14.009782653368575
356.7567567567568,-56.14148871593605
357.2072072072072,-74.87385286424409
357.65765765765764,53.70786029130781
358.1081081081081,-11.806160580473424
358.55855855855856,-70.90733726185844
359.009009009009,21.473358043424973
359.4594594594595,-50.04567536181599
359.9099099099099,-8.630016954949598
360.36036036036035,8.703766121026826
360.81081081081084,69.66518008564967
361.26126126126127,-4.322836057245531
361.7117117117117,61.19917737466837
362.1621621621622,27.122409583843513
362.6126126126126,9.992939104101326
363.06306306306305,-5.5140596950042
363.51351351351354,-31.35910021489386
363.963963963964,4.687800759912509
364.4144144144144,-42.30272486524702
364.86486486486484,54.76196075030781
365.31531531531533,-67.1827697815409
365.76576576576576,42.50762349445475
366.2162162162162,-2.8700249355928493
366.6666666666667,8.888085943080986
367.1171171171171,55.68448356281283
367.56756756756755,75.37551989273172
368.01801801801804,47.237878684731484
368.4684684684685,50.02586356220934
368.9189189189189,121.78931859149827
369.3693693693694,198.07554790280133
369.8198198198198,239.78491082928437
370.27027027027026,232.09896969339306
370.72072072072075,303.3977866895629
371.1711711711712,364.27600586948864
371.6216216216216,280.7903256943668
372.0720720720721,293.67271752126715
372.52252252252254,270.40741116809835
372.97297297297297,76.86053472515798
373.4234234234234,129.72364704911618
373.8738738738739,-77.30744901515645
374.3243243243243,75.69857407099761
374.77477477477476,-2.9719320793389006
375.22522522522524,52.03383794181576
375.6756756756757,-72.33378183224907
376.1261261261261,-85.03050672193383
376.5765765765766,5.068423148692876
377.02702702702703,132.38009845710351
377.47747747747746,47.47536670139699
377.92792792792795,-31.975290788062864
378.3783783783784,-42.11085991879306
378.8288288288288,66.8644928746222
379.2792792792793,10.345610446452326
379.72972972972974,66.14549223364753
380.1801801801802,-5.00319478278197
380.63063063063066,-17.631245235672594
381.0810810810811,23.30732383310488
381.5315315315315,98.99734626959534
381.98198198198196,74.30122849154897
382.43243243243245,30.67037466495628
382.8828828828829,81.17314191436695
383.3333333333333,-13.769507151468499
383.7837837837838,20.288045037803304
384.23423423423424,40.94390668970442
384.68468468468467,-2.9607004400028702
385.13513513513516,39.792219973824295
385.5855855855856,5.121808910638099
386.036036036036,-46.04360997529929
386.4864864864865,-16.49797317445533
386.93693693693695,-27.149856167543447
387.3873873873874,44.02312823416548
387.83783783783787,-47.2939703676261
388.2882882882883,30.05802157057075
388.73873873873873,27.82650626546244
389.1891891891892,-44.71676487873141
389.63963963963965,1.5079127890205757
390.0900900900901,5.549127165990429
390.5405405405405,1.6103213291834482
390.990990990991,-2.2699263324392103
391.44144144144144,-57.51691394143762
391.8918918918919,12.918115157882626
392.34234234234236,-48.01893838232734
392.7927927927928,-24.36823116888541
393.2432432432432,4.505956178886483
393.6936936936937,43.83251280793344
394.14414414414415,18.927074310438616
394.5945945945946,4.433534252549015
395.0450450450451,58.682262058714166
395.4954954954955,-36.25812225535121
395.94594594594594,34.89279899032406
396.3963963963964,-56.85127565282194
396.84684684684686,7.764739469946863
397.2972972972973,19.995632732119972
397.7477477477478,60.45206729448651
398.1981981981982,35.69931508789902
398.64864864864865,94.09748342910731
399.0990990990991,-127.95653899249389
399.54954954954957,-27.785545317117204
400.0,34.167733489837474
400.45045045045043,-28.580815408668904
400.9009009009009,94.85869029132068
401.35135135135135,41.23165786990557
401.8018018018018,81.72400380810181
402.2522522522523,43.941013371536854
402.7027027027027,-33.60407807701831
403.15315315315314,-42.65576463778626
403.60360360360363,-3.0070397825285426
404.05405405405406,-8.915333920391094
404.5045045045045,-9.752797075845256
404.954954954955,-18.70137854438038
405.4054054054054,20.721712174060894
405.85585585585585,13.139975639085149
406.30630630630634,17.73053140028034
406.7567567567568,29.83171976527295
407.2072072072072,74.48790297520851
407.65765765765764,-18.144885276716384
408.1081081081081,-20.76224850259254
408.55855855855856,-38.569004429828965
409.009009009009,-93.58903861908233
409.4594594594595,1.6590633748905455
409.9099099099099,4.730610496459654
410.36036036036035,-29.265057362469708
410.81081081081084,24.877208059355382
411.26126126126127,-12.387591903379858
411.7117117117117,0.20992862275947727
412.1621621621622,85.34276947391479
412.6126126126126,10.783624356285303
413.06306306306305,39.472952344443804
413.51351351351354,-25.894109564885532
413.963963963964,20.54220259908076
414.4144144144144,7.759903721938463
414.86486486486484,10.219932854190157
415.31531531531533,-24.428131413974423
415.76576576576576,-51.15908864617577
416.2162162162162,-6.673968539078193
416.6666666666667,-14.003379943197118
417.1171171171171,-23.48333780488666
417.56756756756755,2.0701150618557165
418.01801801801804,-3.0254238252011736
418.4684684684685,-48.913304842309685
418.9189189189189,-6.745842867224086
419.3693693693694,55.07237927524287
419.8198198198198,-95.23268826625447
420.27027027027026,97.00329454711078
420.72072072072075,116.86832977146406
421.1711711711712,29.12119285754934
421.6216216216216,-32.07304776296388
422.0720720720721,68.3389498147892
422.52252252252254,41.60661768617919
422.97297297297297,-12.750821261200123
423.4234234234234,-47.36272529787168
423.8738738738739,-17.571324286662595
424.3243243243243,17.633393355559722
424.77477477477476,48.90346255487639
425.22522522522524,-15.729640101985867
425.6756756756757,-57.134259192948576
426.1261261261261,5.967763858924164
426.5765765765766,-2.5911159447182
427.02702702702703,18.200050095612717
427.47747747747746,19.561409409550052
427.92792792792795,44.38779135332433
428.3783783783784,-4.476416372394614
428.8288288288288,-25.27726053864888
429.2792792792793,100.78750683733426
429.72972972972974,-14.096295096358844
430.1801801801802,-30.09607869224392
430.63063063063066,-59.67424352374928
431.0810810810811,9.29354327482665
431.5315315315315,47.308104202305884
431.98198198198196,22.824678882847504
432.43243243243245,18.21582088781118
432.8828828828829,-27.163935806585997
433.3333333333333,55.49482941817351
433.7837837837838,18.286023665331193
434.23423423423424,4.14619931616404
434.68468468468467,9.120782569324204
435.13513513513516,-53.24334879807531
435.5855855855856,33.7401536379231
436.036036036036,-2.9425230004702247
436.4864864864865,-52.90015007019399
436.93693693693695,39.80072651563702
437.3873873873874,-0.4609271082525358
437.83783783783787,5.281227670129616
438.2882882882883,38.01318249173498
438.73873873873873,-56.18709852762309
439.1891891891892,-53.70529149264019
439.63963963963965,85.92322675302391
440.0900900900901,-0.5112280807233727
440.5405405405405,-32.88944754956194
440.990990990991,0.12587071181795492
441.44144144144144,26.206738412266155
441.8918918918919,6.09986223767931
442.34234234234236,72.01794742574789
442.7927927927928,33.98569457026897
443.2432432432432,51.21012356665666
443.6936936936937,-11.059785846534892
444.14414414414415,19.581089756196203
444.5945945945946,-13.102864503528563
445.0450450450451,39.18395288664045
445.4954954954955,-3.712520918269814
445.94594594594594,-51.722703588375296
446.3963963963964,10.006333047785603
446.84684684684686,-46.488720159722305
447.2972972972973,-77.88221627581821
447.7477477477478,11.877489955182108
448.1981981981982,80.68342801707942
448.64864864864865,29.92154293571041
449.0990990990991,-85.97799374446282
449.54954954954957,15.333805359487162
450.0,68.25438102367947
450.45045045045043,35.990873760972775
450.9009009009009,21.617637836443865
451.35135135135135,-89.47432324838253
451.8018018018018,-2.6655792202365074
452.2522522522523,67.96127823010791
452.7027027027027,5.734616543161636
453.15315315315314,169.24861968629756
453.60360360360363,355.83403438220245
454.05405405405406,493.41026341980483
454.5045045045045,352.9939089736439
454.954954954955,155.55485099427517
455.4054054054054,111.96697240423416
455.85585585585585,61.292497994329906
456.30630630630634,128.25621888959503
456.7567567567568,-22.245579765948225
457.2072072072072,3.2516283759495015
457.65765765765764,-30.36611404118201
458.1081081081081,-12.566222431710843
458.55855855855856,66.34969276894296
459.009009009009,-62.007373314373865
459.4594594594595,8.59795078293267
459.9099099099099,-41.61656404476461
460.36036036036035,-113.18847513534052
460.81081081081084,33.09984519465961
461.26126126126127,16.59643828273066
461.7117117117117,-54.258234913135105
462.1621621621622,-19.439103246682663
462.6126126126126,-26.773618110377363
463.06306306306305,0.7508021863041998
463.51351351351354,45.566203278143
463.963963963964,27.220235643532053
464.4144144144144,26.500462634829873
464.8648648648649,18.447487912156483
465.31531531531533,83.80608578333455
465.76576576576576,-73.06366173986473
466.2162162162162,-30.42789284640208
466.6666666666667,-3.300525347522423
467.1171171171171,109.60228474740398
467.56756756756755,22.80329187835732
468.01801801801804,23.03772016075733
468.4684684684685,-93.76665616922355
468.9189189189189,-53.756164594283284
469.3693693693694,78.43026525341523
469.8198198198198,22.23470083503668
470.27027027027026,55.795119013852734
470.72072072072075,-36.46465617961613
471.1711711711712,-21.16722136772778
471.6216216216216,-32.46960077048778
472.0720720720721,-23.569929532156912
472.52252252252254,-17.403664077381453
472.97297297297297,-5.303485446180725
473.42342342342346,138.14510730359507
473.8738738738739,57.21929278567253
474.3243243243243,-86.21651516931486
474.77477477477476,40.26489093215669
475.22522522522524,72.14104373716754
475.6756756756757,-16.06873277307611
476.1261261261261,24.844862101180873
476.5765765765766,18.450760310305274
477.02702702702703,15.713536894908176
477.47747747747746,17.299508632218238
477.92792792792795,114.77669318563417
478.3783783783784,43.12116342079421
478.8288288288288,-19.286102371729992
479.2792792792793,-69.54410066559865
479.72972972972974,11.485052758196975
480.1801801801802,-33.01496137703025
480.63063063063066,-89.33178011171486
481.0810810810811,-41.31755302193882
481.5315315315315,62.715230822511
481.98198198198196,-34.635783745668164
482.43243243243245,-28.05360744856129
482.8828828828829,90.16000381631629
483.3333333333333,24.82112185466531
483.7837837837838,-32.38539988770443
484.23423423423424,98.40550451227953
484.68468468468467,22.00130946340902
485.13513513513516,-2.104236812122575
485.5855855855856,-10.298936876180504
486.036036036036,-7.272674318013472
486.4864864864865,-20.717425037344185
486.93693693693695,-87.36386521382146
487.3873873873874,0.6229312155784374
487.83783783783787,5.274839028666002
488.2882882882883,6.9553941911081
488.73873873873873,-59.897818033560526
489.1891891891892,19.17253424719069
489.63963963963965,-11.684533164591452
490.0900900900901,63.25639326772313
490.5405405405405,-36.37059664916727
490.990990990991,62.6898961920076
491.44144144144144,-55.61678611145437
491.8918918918919,-30.32613716677955
492.34234234234236,30.10120589206095
492.7927927927928,-26.71362245691002
493.2432432432432,36.088940503639435
493.6936936936937,7.562076355802338
494.14414414414415,-22.155132076646478
494.5945945945946,8.713183251605727
495.0450450450451,-60.89890865118866
495.4954954954955,11.778845331809116
495.94594594594594,61.24052190354641
496.3963963963964,24.452286429052837
496.84684684684686,0.9756273540496168
497.2972972972973,-11.430468229804347
497.7477477477478,29.791481986784447
498.1981981981982,-0.8565352693727147
498.64864864864865,-87.61347469207277
499.0990990990991,34.69949813573693
499.54954954954957,-19.34777921714957
500.0,-110.87309194547954
